City_ID,City,Country,Date,Lat,Lng,Max Temp,Humidity,Cloudiness,Wind Speed
0,Esperance,AU,2022-08-06 02:02:19,-33.8667,121.9,53.8,66,68,11.27
1,Srednekolymsk,RU,2022-08-06 02:02:19,67.45,153.6833,63.0,47,100,2.84
2,Mar Del Plata,AR,2022-08-06 02:00:06,-38.0023,-57.5575,44.1,89,100,1.99
3,Hobart,AU,2022-08-06 01:58:11,-42.8794,147.3294,49.05,83,40,14.97
4,Albany,US,2022-08-06 02:00:07,42.6001,-73.9662,78.67,82,98,2.93
5,Provideniya,RU,2022-08-06 02:02:20,64.3833,-173.3,51.44,56,40,10.98
6,Souillac,MU,2022-08-06 02:02:20,-20.5167,57.5167,67.32,70,1,10.22
7,Punta Arenas,CL,2022-08-06 02:01:49,-53.15,-70.9167,37.27,77,35,5.12
8,Port Lincoln,AU,2022-08-06 02:02:21,-34.7333,135.8667,56.16,66,20,15.28
9,Kavieng,PG,2022-08-06 02:02:21,-2.5744,150.7967,83.8,68,98,3.09
10,Chuy,UY,2022-08-06 02:02:21,-33.6971,-53.4616,44.74,91,0,3.87
11,Vaini,TO,2022-08-06 02:02:22,-21.2,-175.2,75.87,82,100,14.23
12,Bluff,NZ,2022-08-06 02:01:11,-46.6,168.3333,57.79,79,61,9.22
13,East London,ZA,2022-08-06 02:02:22,-33.0153,27.9116,60.03,75,19,9.73
14,Ahipara,NZ,2022-08-06 02:02:23,-35.1667,173.1667,61.36,70,83,8.14
15,Castro,BR,2022-08-06 02:02:23,-24.7911,-50.0119,52.77,74,3,5.03
16,Atuona,PF,2022-08-06 02:02:23,-9.8,-139.0333,77.68,72,18,14.7
17,Turan,VN,2022-08-06 02:02:24,16.0678,108.2208,87.78,70,20,2.3
18,Matias Romero,MX,2022-08-06 02:02:24,16.8833,-95.0333,74.79,89,87,7.49
19,Pangnirtung,CA,2022-08-06 02:02:24,66.1451,-65.7125,41.85,96,100,1.45
20,Bireun,ID,2022-08-06 02:02:25,5.203,96.7009,81.79,61,100,2.64
21,Ushuaia,AR,2022-08-06 02:01:37,-54.8,-68.3,33.98,98,94,1.07
22,Slave Lake,CA,2022-08-06 02:01:28,55.2834,-114.769,60.57,64,94,5.97
23,Narsaq,GL,2022-08-06 02:02:25,60.9167,-46.05,48.42,95,100,2.75
24,Victoria,HK,2022-08-06 02:02:09,22.2855,114.1577,88.97,85,100,8.99
25,Garden City,US,2022-08-06 01:57:32,42.3256,-83.331,79.21,85,9,4.74
26,Ilulissat,GL,2022-08-06 02:02:26,69.2167,-51.1,46.42,93,100,0.0
27,Rawson,AR,2022-08-06 02:01:06,-43.3002,-65.1023,40.17,79,14,13.51
28,Ballina,AU,2022-08-06 02:02:26,-28.8667,153.5667,70.02,64,97,10.96
29,Puerto Ayora,EC,2022-08-06 02:02:27,-0.7393,-90.3518,70.56,89,75,5.01
30,Mataura,NZ,2022-08-06 02:02:27,-46.1927,168.8643,57.47,67,100,4.92
31,Puerto Carreno,CO,2022-08-06 02:02:27,6.189,-67.4859,76.21,92,100,5.17
32,Sur,OM,2022-08-06 02:02:28,22.5667,59.5289,86.86,62,100,3.09
33,Chegdomyn,RU,2022-08-06 02:02:28,51.1167,133.0167,68.25,94,100,4.14
34,Polovinnoye,RU,2022-08-06 02:02:28,54.7914,65.9864,64.42,71,17,3.65
35,Bengkulu,ID,2022-08-06 02:02:29,-3.8004,102.2655,80.47,69,10,2.17
36,Khatanga,RU,2022-08-06 02:02:29,71.9667,102.5,66.13,62,8,7.61
37,Bethel,US,2022-08-06 01:57:53,41.3712,-73.414,79.72,85,65,1.01
38,Portland,US,2022-08-06 01:58:51,45.5234,-122.6762,82.62,39,0,8.01
39,Roma,US,2022-08-06 02:02:30,43.2128,-75.4557,75.67,88,0,3.44
40,Sistranda,NO,2022-08-06 02:02:30,63.7256,8.834,51.76,85,100,22.5
41,Olafsvik,IS,2022-08-06 02:02:31,64.8945,-23.7142,52.09,93,100,14.83
42,Half Moon Bay,US,2022-08-06 02:02:31,37.4636,-122.4286,76.78,74,100,14.97
43,Tuktoyaktuk,CA,2022-08-06 02:02:31,69.4541,-133.0374,65.16,51,84,14.67
44,Jamestown,US,2022-08-06 01:58:33,42.097,-79.2353,73.71,56,88,1.99
45,Westport,US,2022-08-06 01:59:15,41.1415,-73.3579,81.01,87,49,1.01
46,Nikolskoye,RU,2022-08-06 02:03:32,59.7035,30.7861,69.8,83,82,5.73
47,Staryy Nadym,RU,2022-08-06 02:03:32,65.6118,72.6842,62.26,66,94,8.7
48,Gondar,ET,2022-08-06 02:03:33,12.6,37.4667,55.98,97,100,0.31
49,Kapaa,US,2022-08-06 01:59:31,22.0752,-159.319,82.11,74,23,5.01
50,Laguna,US,2022-08-06 02:03:33,38.421,-121.4238,89.46,53,0,13.8
51,Qaanaaq,GL,2022-08-06 02:03:33,77.484,-69.3632,37.62,69,13,2.21
52,Craig,US,2022-08-06 02:00:24,40.5153,-107.5464,71.22,72,100,10.25
53,Ponta Do Sol,PT,2022-08-06 02:03:34,32.6667,-17.1,72.23,81,16,5.23
54,Dongsheng,CN,2022-08-06 02:03:34,39.8161,109.9776,82.62,53,85,13.73
55,Belem De Sao Francisco,BR,2022-08-06 02:03:35,-8.7539,-38.9658,70.14,80,10,16.73
56,Riyadh,SA,2022-08-06 02:03:35,24.6877,46.7219,89.74,19,2,7.58
57,Ishigaki,JP,2022-08-06 02:03:35,24.3448,124.1572,85.05,70,22,9.31
58,Kholodnyy,RU,2022-08-06 02:03:36,62.7167,147.95,63.7,65,100,14.29
59,Touros,BR,2022-08-06 02:03:36,-5.1989,-35.4608,73.26,85,11,10.92
60,Norman Wells,CA,2022-08-06 02:03:36,65.282,-126.8329,80.22,33,47,9.17
61,Berasia,IN,2022-08-06 02:03:37,23.6333,77.4333,75.65,77,7,3.24
62,Rikitea,PF,2022-08-06 02:02:47,-23.1203,-134.9692,70.54,60,68,18.32
63,Dezhou,CN,2022-08-06 02:03:37,37.4486,116.2925,92.26,62,90,9.53
64,Dikson,RU,2022-08-06 02:03:38,73.5069,80.5464,41.88,100,100,9.57
65,Hermanus,ZA,2022-08-06 02:03:38,-34.4187,19.2345,54.81,84,97,8.01
66,Cape Town,ZA,2022-08-06 02:02:08,-33.9258,18.4232,55.89,92,40,8.01
67,Iranshahr,IR,2022-08-06 02:03:38,27.2025,60.6848,88.93,39,4,0.6
68,Palmas Bellas,PA,2022-08-06 02:03:39,9.2319,-80.0867,81.34,90,99,6.33
69,Tromso,NO,2022-08-06 02:03:39,69.6496,18.957,46.38,87,10,2.3
70,Mahebourg,MU,2022-08-06 02:01:16,-20.4081,57.7,69.08,65,6,11.5
71,Bethanien,NA,2022-08-06 02:03:40,-26.502,17.1583,59.27,22,99,6.44
72,Nidzica,PL,2022-08-06 02:03:40,53.3605,20.4275,67.59,95,100,8.23
73,Hervey Bay,AU,2022-08-06 02:03:40,-25.2986,152.8535,65.01,94,100,4.0
74,Kodiak,US,2022-08-06 02:03:41,57.79,-152.4072,63.91,48,0,12.66
75,Oussouye,SN,2022-08-06 02:03:41,12.485,-16.5469,76.98,89,99,5.7
76,Tall Kayf,TR,2022-08-06 02:03:41,37.0833,41.0667,79.14,27,6,5.39
77,Talnakh,RU,2022-08-06 02:03:42,69.4865,88.3972,56.21,70,70,3.02
78,Veinticinco De Mayo,AR,2022-08-06 02:03:42,-35.4323,-60.1727,47.98,70,0,1.99
79,Changping,CN,2022-08-06 02:03:42,40.2186,116.2197,85.64,37,85,4.9
80,Port Alfred,ZA,2022-08-06 02:03:43,-33.5906,26.891,61.2,71,97,11.16
81,Acoyapa,NI,2022-08-06 02:03:43,11.9703,-85.1711,74.75,89,100,14.27
82,Torbay,CA,2022-08-06 02:03:43,47.6666,-52.7314,67.57,90,100,20.71
83,Ambad,IN,2022-08-06 02:03:44,19.6167,75.8,76.37,85,84,7.94
84,Amot,NO,2022-08-06 02:03:44,59.5714,7.9877,44.76,90,16,5.86
85,Barrow,US,2022-08-06 02:03:44,71.2906,-156.7887,39.22,93,100,10.36
86,Takoradi,GH,2022-08-06 02:03:45,4.8845,-1.7554,71.92,86,7,5.59
87,Miranda,CO,2022-08-06 02:03:45,3.2499,-76.2281,68.13,94,95,2.71
88,Beringovskiy,RU,2022-08-06 02:03:45,63.05,179.3167,54.66,65,62,3.53
89,Paltinis,RO,2022-08-06 02:03:46,48.2167,26.65,65.05,78,0,2.89
90,Lata,PT,2022-08-06 02:03:46,40.1629,-8.3327,66.81,94,6,0.43
91,Asfi,MA,2022-08-06 02:03:46,32.2994,-9.2372,69.01,91,0,12.5
92,Umba,RU,2022-08-06 02:04:47,66.6871,34.3429,58.37,96,100,10.45
93,New Norfolk,AU,2022-08-06 02:04:38,-42.7826,147.0587,48.7,64,54,1.99
94,Salinopolis,BR,2022-08-06 02:04:47,-0.6136,-47.3561,78.75,82,11,13.22
95,Busselton,AU,2022-08-06 02:04:48,-33.65,115.3333,56.7,68,100,10.38
96,Xiaoweizhai,CN,2022-08-06 02:04:48,26.1903,107.5125,73.65,93,100,3.15
97,Parana,AR,2022-08-06 02:04:48,-31.732,-60.5238,53.56,69,32,7.52
98,Saint-Philippe,RE,2022-08-06 02:04:49,-21.3585,55.7679,64.22,72,16,9.37
99,Avera,US,2022-08-06 02:04:49,33.194,-82.5271,80.55,76,100,5.75
100,Avarua,CK,2022-08-06 02:03:12,-21.2078,-159.775,77.05,69,75,16.11
101,Mackay,AU,2022-08-06 02:04:49,-21.15,149.2,84.69,80,0,6.24
102,Richards Bay,ZA,2022-08-06 02:04:50,-28.783,32.0377,61.97,92,0,5.17
103,Wadi Musa,JO,2022-08-06 02:04:50,30.3222,35.4793,75.25,52,4,1.77
104,Bonfim,BR,2022-08-06 02:04:50,3.0833,-59.95,76.75,79,9,5.79
105,Saint-Joseph,RE,2022-08-06 02:04:51,-21.3667,55.6167,63.21,72,12,5.88
106,Phangnga,TH,2022-08-06 02:04:51,8.4509,98.5298,86.04,90,100,4.59
107,Fairbanks,US,2022-08-06 02:00:02,64.8378,-147.7164,55.09,90,100,1.99
108,Faanui,PF,2022-08-06 02:04:52,-16.4833,-151.75,77.2,79,55,23.62
109,Leningradskiy,RU,2022-08-06 02:04:52,69.3833,178.4167,34.77,99,100,6.85
110,Maningrida,AU,2022-08-06 02:04:52,-12.0667,134.2667,87.31,49,48,9.33
111,Thompson,CA,2022-08-06 02:00:30,55.7435,-97.8558,46.29,95,100,13.62
112,Kinarut,MY,2022-08-06 02:04:53,5.8231,116.0466,77.02,88,40,11.5
113,Komsomolskiy,UZ,2022-08-06 02:04:53,40.4272,71.7189,80.47,29,0,4.07
114,Bredasdorp,ZA,2022-08-06 02:04:54,-34.5322,20.0403,53.17,90,97,1.36
115,Cap-Aux-Meules,CA,2022-08-06 02:04:54,47.3821,-61.8597,66.31,70,30,11.56
116,Wertheim,DE,2022-08-06 02:04:54,49.7575,9.5094,61.29,77,100,4.88
117,Redmond,US,2022-08-06 02:02:22,47.674,-122.1215,76.32,60,0,5.99
118,Hilo,US,2022-08-06 02:01:45,19.7297,-155.09,88.29,98,49,7.0
119,Hapur,IN,2022-08-06 02:04:55,28.7167,77.7833,82.27,76,98,6.02
120,Iringa,TZ,2022-08-06 02:04:55,-7.7667,35.7,47.61,92,86,4.81
121,Ribeira Grande,PT,2022-08-06 02:04:37,38.5167,-28.7,75.58,83,85,9.95
122,Upernavik,GL,2022-08-06 02:04:56,72.7868,-56.1549,39.49,95,63,9.64
123,Toktogul,KG,2022-08-06 02:04:56,41.8708,72.9402,71.11,52,55,0.58
124,Biak,ID,2022-08-06 02:04:57,-0.9131,122.8766,76.19,81,100,0.85
125,Katsuura,JP,2022-08-06 02:03:19,35.1333,140.3,77.81,71,100,5.97
126,Mount Isa,AU,2022-08-06 02:02:09,-20.7333,139.5,73.17,31,35,12.66
127,Los Llanos De Aridane,ES,2022-08-06 02:04:57,28.6585,-17.9182,73.13,40,100,14.97
128,Ayolas,PY,2022-08-06 02:04:58,-27.4,-56.9,49.19,86,0,6.46
129,Yellowknife,CA,2022-08-06 02:04:58,62.456,-114.3525,62.64,49,76,7.14
130,Fortuna,US,2022-08-06 02:04:58,40.5982,-124.1573,68.94,77,20,13.8
131,Hambantota,LK,2022-08-06 02:02:05,6.1241,81.1185,77.34,100,20,8.05
132,Geraldton,AU,2022-08-06 02:04:59,-28.7667,114.6,55.81,82,40,11.5
133,Watrous,CA,2022-08-06 02:04:59,51.6668,-105.4679,53.13,77,100,14.88
134,Hithadhoo,MV,2022-08-06 02:04:59,-0.6,73.0833,82.08,73,100,12.41
135,Shingu,JP,2022-08-06 02:06:00,33.7333,135.9833,83.84,75,64,7.09
136,Bafra,TR,2022-08-06 02:06:00,41.5678,35.9069,75.81,84,74,1.72
137,Fort Nelson,CA,2022-08-06 02:05:27,58.8053,-122.7002,73.27,42,70,4.99
138,Novobirilyussy,RU,2022-08-06 02:06:01,56.9514,90.6661,61.03,66,15,1.79
139,Mikhaylovka,RU,2022-08-06 02:06:01,50.06,43.2379,64.78,53,6,9.6
140,Mount Gambier,AU,2022-08-06 02:06:01,-37.8333,140.7667,54.23,85,16,4.05
141,Kaitangata,NZ,2022-08-06 02:06:02,-46.2817,169.8464,56.73,68,81,5.12
142,Tasiilaq,GL,2022-08-06 02:05:54,65.6145,-37.6368,41.16,74,99,1.48
143,Angoche,MZ,2022-08-06 02:06:02,-16.2325,39.9086,70.23,84,2,4.85
144,Yantal,RU,2022-08-06 02:06:02,56.8471,105.2542,48.7,98,100,6.29
145,Vila Franca Do Campo,PT,2022-08-06 02:06:03,37.7167,-25.4333,72.01,91,100,6.17
146,Codrington,AU,2022-08-06 02:06:03,-38.2667,141.9667,54.21,80,65,4.41
147,Broome,US,2022-08-06 02:06:03,42.2506,-75.833,74.01,91,0,5.01
148,Longyearbyen,SJ,2022-08-06 02:06:04,78.2186,15.6401,49.84,76,75,3.44
149,Kruisfontein,ZA,2022-08-06 02:06:04,-34.0033,24.7314,50.32,87,74,6.69
150,Magnitka,RU,2022-08-06 02:06:05,55.3475,59.6961,60.13,79,0,1.7
151,Odweyne,SO,2022-08-06 02:06:05,9.4092,45.064,70.66,55,0,18.01
152,Bay Roberts,CA,2022-08-06 02:06:05,47.5999,-53.2648,67.33,92,15,5.01
153,Saint-Louis,SN,2022-08-06 02:06:06,16.3333,-15.0,83.7,64,95,13.18
154,La Rioja,ES,2022-08-06 02:06:06,42.25,-2.5,58.78,97,17,2.68
155,Vega De Alatorre,MX,2022-08-06 02:06:06,20.0333,-96.6333,81.37,79,20,10.83
156,Hay River,CA,2022-08-06 02:05:27,60.8156,-115.7999,64.26,52,25,10.2
157,Sitka,US,2022-08-06 02:05:43,57.0531,-135.33,57.09,88,100,10.36
158,Ormoz,SI,2022-08-06 02:06:07,46.4114,16.1544,75.43,83,0,3.0
159,Vao,NC,2022-08-06 02:06:07,-22.6667,167.4833,73.18,80,4,11.61
160,Vila Velha,BR,2022-08-06 02:02:36,-20.3297,-40.2925,72.95,86,0,6.02
161,Butaritari,KI,2022-08-06 02:06:08,3.0707,172.7902,82.67,74,96,10.58
162,Saint George,US,2022-08-06 02:05:31,37.1041,-113.5841,92.62,35,0,10.36
163,Tabas,IR,2022-08-06 02:06:08,33.5959,56.9244,81.03,22,0,2.73
164,Naze,JP,2022-08-06 02:06:09,28.3667,129.4833,82.72,73,67,5.41
165,Ambanja,MG,2022-08-06 02:06:09,-13.6833,48.45,68.09,81,71,3.31
166,Cabedelo,BR,2022-08-06 02:06:09,-6.9811,-34.8339,72.27,82,5,10.63
167,Lagoa,PT,2022-08-06 02:06:10,39.05,-27.9833,74.28,85,61,11.1
168,Sao Filipe,CV,2022-08-06 02:06:10,14.8961,-24.4956,77.4,82,100,5.48
169,Seguela,CI,2022-08-06 02:06:11,7.9611,-6.6731,72.27,82,93,4.43
170,Churapcha,RU,2022-08-06 02:06:11,62.0025,132.4325,70.38,58,100,16.93
171,Kaeo,NZ,2022-08-06 02:06:11,-35.1,173.7833,64.33,78,95,6.87
172,Georgetown,MY,2022-08-06 02:02:07,5.4112,100.3354,84.88,78,20,4.61
173,Saint-Pierre,RE,2022-08-06 02:06:12,-21.3393,55.4781,65.91,60,0,5.75
174,Saint Paul,US,2022-08-06 02:04:14,44.9444,-93.0933,83.55,65,0,11.5
175,Colon,PA,2022-08-06 02:06:12,9.3592,-79.9014,81.45,92,99,5.01
176,Gbadolite,CD,2022-08-06 02:06:13,4.2833,21.0167,69.15,98,100,2.33
177,Grand Gaube,MU,2022-08-06 02:06:13,-20.0064,57.6608,71.1,63,8,16.33
178,Bambous Virieux,MU,2022-08-06 02:06:13,-20.3428,57.7575,69.15,64,7,11.18
179,Cockburn Town,TC,2022-08-06 02:06:14,21.4612,-71.1419,81.45,78,17,21.83
180,Punta Alta,AR,2022-08-06 02:04:05,-38.8759,-62.0736,44.65,75,100,7.23
181,Lebu,CL,2022-08-06 02:06:14,-37.6167,-73.65,50.61,91,100,2.51
182,Necochea,AR,2022-08-06 02:07:14,-38.5473,-58.7368,42.49,73,99,6.49
183,Lavrentiya,RU,2022-08-06 02:07:15,65.5833,-171.0,45.5,70,88,9.71
184,Rawicz,PL,2022-08-06 02:07:15,51.6095,16.8585,69.15,88,98,15.19
185,Adrar,MR,2022-08-06 02:07:15,20.5022,-10.0711,93.88,31,53,16.73
186,Pangai,TO,2022-08-06 02:07:16,-19.8,-174.35,77.09,83,100,15.19
187,Honiara,SB,2022-08-06 02:07:16,-9.4333,159.95,86.86,63,100,6.33
188,Frutal,BR,2022-08-06 02:07:16,-20.0247,-48.9406,72.99,39,0,3.58
189,Itaituba,BR,2022-08-06 02:05:13,-4.2761,-55.9836,78.24,69,91,3.31
190,Shaunavon,CA,2022-08-06 02:07:17,49.6501,-108.4181,57.29,51,15,15.79
191,Nhulunbuy,AU,2022-08-06 02:07:17,-12.2333,136.7667,84.81,58,99,16.11
192,Tutoia,BR,2022-08-06 02:07:18,-2.7619,-42.2744,78.46,82,0,11.81
193,Requena,ES,2022-08-06 02:07:18,39.4883,-1.1004,69.78,77,0,2.42
194,Bathsheba,BB,2022-08-06 02:07:18,13.2167,-59.5167,83.01,89,20,16.11
195,Koubia,GN,2022-08-06 02:07:19,11.5833,-11.9,66.69,98,94,3.15
196,Dryden,CA,2022-08-06 02:07:19,49.7833,-92.7503,71.76,83,88,11.1
197,Boysun,UZ,2022-08-06 02:07:19,38.2061,67.1986,73.62,27,0,2.95
198,Port Blair,IN,2022-08-06 02:07:20,11.6667,92.75,81.81,82,100,22.19
199,Eirunepe,BR,2022-08-06 02:07:20,-6.6603,-69.8736,72.77,98,100,0.22
200,Ketchikan,US,2022-08-06 02:07:21,55.3422,-131.6461,63.07,77,100,10.36
201,Gewane,ET,2022-08-06 02:07:21,10.1664,40.6453,79.41,61,91,7.47
202,Manokwari,ID,2022-08-06 02:07:21,-0.8667,134.0833,83.32,61,96,5.97
203,Berlevag,NO,2022-08-06 02:07:22,70.8578,29.0864,51.6,81,92,8.05
204,Sonoita,MX,2022-08-06 02:04:35,31.85,-112.8333,98.4,26,24,10.25
205,Songadh,IN,2022-08-06 02:07:22,21.1667,73.5667,77.56,92,96,3.94
206,Clyde River,CA,2022-08-06 02:07:22,70.4692,-68.5914,37.99,82,70,4.25
207,Zhanaozen,KZ,2022-08-06 02:07:23,43.3,52.8,80.73,30,100,10.89
208,Semporna,MY,2022-08-06 02:07:23,4.4818,118.6112,81.81,83,83,8.28
209,Miramar,US,2022-08-06 02:07:23,25.9873,-80.2323,86.02,77,0,10.36
210,Rusape,ZW,2022-08-06 02:07:24,-18.5278,32.1284,49.77,76,0,2.37
211,Vila,PT,2022-08-06 02:07:24,42.0304,-8.1588,58.08,84,90,4.85
212,Bosaso,SO,2022-08-06 02:07:24,11.2842,49.1816,89.42,39,4,23.15
213,Revadanda,IN,2022-08-06 02:07:25,18.5503,72.9278,78.57,90,90,6.2
214,Martapura,ID,2022-08-06 02:07:25,-3.4167,114.85,82.49,74,100,5.75
215,Acajutla,SV,2022-08-06 02:07:25,13.5928,-89.8275,78.49,87,100,4.12
216,Severo-Kurilsk,RU,2022-08-06 02:07:26,50.6789,156.125,58.24,82,97,2.53
217,Rabo De Peixe,PT,2022-08-06 02:07:26,37.8,-25.5833,71.11,94,40,3.44
218,Praxedis Guerrero,MX,2022-08-06 02:07:27,31.3667,-106.0167,94.46,32,98,8.66
219,Serowe,BW,2022-08-06 02:07:27,-22.3833,26.7167,59.77,45,0,3.13
220,Cabo San Lucas,MX,2022-08-06 02:07:27,22.8909,-109.9124,89.91,45,0,11.5
221,Flin Flon,CA,2022-08-06 02:07:28,54.7682,-101.865,47.8,88,100,14.99
222,Linxia,CN,2022-08-06 02:07:28,35.6003,103.2064,78.35,57,7,1.43
223,Tiksi,RU,2022-08-06 02:07:28,71.6872,128.8694,41.5,85,100,11.41
224,Domoni,KM,2022-08-06 02:07:29,-12.2569,44.5319,72.48,80,0,5.77
225,Nalut,LY,2022-08-06 02:07:29,30.3333,10.85,79.9,40,0,9.8
226,Port Macquarie,AU,2022-08-06 02:07:29,-31.4333,152.9167,70.9,34,3,9.8
227,Ziro,IN,2022-08-06 02:07:30,27.6333,93.8333,59.74,83,51,0.98
228,Faya,SA,2022-08-06 02:07:30,18.3851,42.4509,63.12,73,100,3.27
229,Baripada,IN,2022-08-06 02:08:30,21.935,86.7214,84.67,77,99,4.88
230,Sao Gabriel Da Cachoeira,BR,2022-08-06 02:08:31,-0.1303,-67.0892,76.1,84,81,2.53
231,Bani Walid,LY,2022-08-06 02:08:31,31.7566,13.9942,72.09,81,0,3.15
232,Murdochville,CA,2022-08-06 02:08:31,48.9583,-65.5006,51.24,62,5,3.6
233,Carnarvon,AU,2022-08-06 02:05:45,-24.8667,113.6333,63.91,44,0,11.07
234,Lorengau,PG,2022-08-06 02:08:32,-2.0226,147.2712,84.38,69,53,4.43
235,Namibe,AO,2022-08-06 02:05:45,-15.1961,12.1522,61.3,85,3,4.12
236,Kayerkan,RU,2022-08-06 02:08:32,69.3497,87.7602,57.52,87,61,6.24
237,Aklavik,CA,2022-08-06 02:07:04,68.2191,-135.0107,77.94,34,91,8.95
238,Vestmannaeyjar,IS,2022-08-06 02:08:33,63.4427,-20.2734,52.79,93,100,21.85
239,Sindou,BF,2022-08-06 02:08:33,10.6667,-5.1667,72.01,95,94,3.4
240,Novyy Urengoy,RU,2022-08-06 02:08:21,66.0833,76.6333,62.11,66,100,8.61
241,Luan,CH,2022-08-06 02:08:34,46.3592,6.9759,57.36,92,94,1.99
242,Niamey,NE,2022-08-06 02:08:34,13.5137,2.1098,80.49,71,83,10.87
243,Arraial Do Cabo,BR,2022-08-06 02:08:34,-22.9661,-42.0278,69.94,82,58,17.11
244,Vanimo,PG,2022-08-06 02:07:02,-2.6741,141.3028,83.89,65,100,2.01
245,San Patricio,US,2022-08-06 02:08:35,28.017,-97.5169,84.29,66,100,13.02
246,Barao De Melgaco,BR,2022-08-06 02:08:35,-16.1944,-55.9675,75.79,37,3,3.2
247,Taltal,CL,2022-08-06 02:08:35,-25.4,-70.4833,53.44,85,28,0.49
248,Quatre Cocos,MU,2022-08-06 02:08:36,-20.2078,57.7625,68.63,65,9,10.8
249,Anadyr,RU,2022-08-06 02:08:36,64.75,177.4833,61.3,51,40,17.9
250,Kulhudhuffushi,MV,2022-08-06 02:08:36,6.6221,73.07,80.1,81,100,17.38
251,Oistins,BB,2022-08-06 02:08:37,13.0667,-59.5333,82.49,78,20,16.11
252,Santa Fe,AR,2022-08-06 02:04:38,-31.6333,-60.7,54.01,69,57,4.0
253,Ranong,TH,2022-08-06 02:08:37,9.9658,98.6348,82.0,82,97,11.72
254,Ambovombe,MG,2022-08-06 02:08:38,-25.1667,46.0833,61.92,87,0,7.76
255,Bajil,YE,2022-08-06 02:08:38,15.0584,43.2851,86.14,58,99,1.99
256,Menongue,AO,2022-08-06 02:08:38,-14.6585,17.691,54.09,44,0,3.18
257,Saskylakh,RU,2022-08-06 02:08:39,71.9167,114.0833,61.25,61,0,8.1
258,Troitskiy,RU,2022-08-06 02:08:39,57.0603,63.7481,64.27,71,7,2.55
259,Cidreira,BR,2022-08-06 02:08:39,-30.1811,-50.2056,51.03,75,3,7.78
260,Mehamn,NO,2022-08-06 02:08:40,71.0357,27.8492,49.95,81,37,3.44
261,Klaksvik,FO,2022-08-06 02:08:40,62.2266,-6.589,52.72,84,72,8.9
262,Moroni,KM,2022-08-06 02:08:40,-11.7022,43.2551,71.76,70,0,2.06
263,Kaduqli,SD,2022-08-06 02:08:41,11.0167,29.7167,73.38,87,100,2.62
264,Hovd,MN,2022-08-06 02:08:41,48.0056,91.6419,62.1,56,21,4.07
265,Lasa,IT,2022-08-06 02:08:41,46.6166,10.7002,59.68,87,63,3.89
266,Sioux Lookout,CA,2022-08-06 02:08:42,50.1001,-91.917,69.06,91,100,12.37
267,La Ronge,CA,2022-08-06 02:08:42,55.1001,-105.2842,57.42,72,75,6.91
268,Ponta Delgada,PT,2022-08-06 02:08:42,37.7333,-25.6667,72.32,94,40,3.44
269,Kimbe,PG,2022-08-06 02:08:43,-5.5502,150.1429,87.24,58,100,3.67
270,Pevek,RU,2022-08-06 02:08:43,69.7008,170.3133,35.56,98,100,9.71
271,Saurimo,AO,2022-08-06 02:08:43,-9.6608,20.3916,60.67,42,35,5.21
272,Grindavik,IS,2022-08-06 02:08:44,63.8424,-22.4338,52.27,100,100,18.41
273,Trofors,NO,2022-08-06 02:08:44,65.5333,13.4063,51.67,81,100,7.94
274,Namatanai,PG,2022-08-06 02:07:06,-3.6667,152.4333,84.65,65,99,2.01
275,Emilio Carranza,MX,2022-08-06 02:08:45,19.9711,-96.6114,80.28,81,21,9.4
276,Airai,TL,2022-08-06 02:08:45,-8.9266,125.4092,72.73,53,46,3.31
277,Salalah,OM,2022-08-06 02:09:45,17.0151,54.0924,78.89,94,75,4.61
278,Isabela,PH,2022-08-06 02:09:46,6.7085,121.9711,82.56,78,90,4.59
279,Beisfjord,NO,2022-08-06 02:09:46,68.3751,17.5988,48.25,73,18,8.08
280,Sechura,PE,2022-08-06 02:09:46,-5.5569,-80.8222,64.02,77,100,14.25
281,Ardakan,IR,2022-08-06 02:09:47,32.31,54.0175,82.87,24,0,3.04
282,Raga,SS,2022-08-06 02:09:47,8.4596,25.678,68.61,98,100,3.85
283,Vernon,CA,2022-08-06 02:05:31,50.2581,-119.2691,75.61,35,100,5.01
284,Belmonte,BR,2022-08-06 02:09:47,-15.8631,-38.8828,72.57,81,19,9.31
285,Jalu,LY,2022-08-06 02:09:48,29.0331,21.5482,80.02,39,0,8.84
286,Port Hedland,AU,2022-08-06 02:09:48,-20.3167,118.5667,73.45,23,0,21.85
287,Barberton,ZA,2022-08-06 02:05:37,-25.7884,31.0532,54.99,84,4,2.66
288,Tivoli,IT,2022-08-06 02:09:49,41.9609,12.7989,78.57,80,5,2.46
289,Misratah,LY,2022-08-06 02:09:49,32.3754,15.0925,79.74,66,0,4.7
290,Waipawa,NZ,2022-08-06 02:09:49,-41.4122,175.5153,54.97,73,100,15.66
291,Suozhen,CN,2022-08-06 02:09:50,36.9539,118.1047,93.87,57,7,4.79
292,Luderitz,NA,2022-08-06 02:09:50,-26.6481,15.1594,60.37,58,100,2.86
293,Kathmandu,NP,2022-08-06 02:09:50,27.7167,85.3167,70.02,100,75,2.3
294,Kahului,US,2022-08-06 02:09:51,20.8947,-156.47,91.42,43,20,14.97
295,Jacareacanga,BR,2022-08-06 02:09:51,-6.2222,-57.7528,77.14,47,8,3.47
296,Okha,RU,2022-08-06 02:09:51,53.5739,142.9478,60.82,76,50,23.58
297,Artyom,AZ,2022-08-06 02:09:52,40.4723,50.333,78.94,70,100,21.72
298,Kayankulam,IN,2022-08-06 02:09:52,9.1833,76.5,75.96,87,100,4.81
299,San Antonio,US,2022-08-06 02:09:47,29.4241,-98.4936,91.27,47,0,17.27
300,Kasongo,CD,2022-08-06 02:09:52,-4.45,26.6667,73.27,50,8,2.57
301,Chokurdakh,RU,2022-08-06 02:09:53,70.6333,147.9167,57.4,47,8,5.5
302,Hofn,IS,2022-08-06 02:09:42,64.2539,-15.2082,52.3,79,94,4.34
303,Shu,KZ,2022-08-06 02:09:53,43.5983,73.7614,76.14,44,73,4.05
304,Bilibino,RU,2022-08-06 02:09:54,68.0546,166.4372,51.21,61,100,12.44
305,Sao Felix Do Xingu,BR,2022-08-06 02:09:54,-6.6447,-51.995,79.07,58,90,1.99
306,Chistogorskiy,RU,2022-08-06 02:09:54,53.9835,87.3843,61.29,69,0,1.28
307,Srandakan,ID,2022-08-06 02:09:55,-7.9386,110.2506,80.35,70,26,4.81
308,Nanortalik,GL,2022-08-06 02:09:55,60.1432,-45.2371,45.39,97,100,9.8
309,Sao Joao Da Barra,BR,2022-08-06 02:09:56,-21.6403,-41.0511,70.77,83,1,21.41
310,San Andres,CO,2022-08-06 02:08:30,12.5847,-81.7006,78.82,94,75,5.75
311,Sagauli,IN,2022-08-06 02:09:56,26.7833,84.7333,86.61,72,96,7.94
312,Floresta,BR,2022-08-06 02:09:56,-8.6011,-38.5686,69.84,82,6,12.33
313,Bayan,CN,2022-08-06 02:09:57,46.0833,127.4,78.96,65,0,9.04
314,Rio Grande,BR,2022-08-06 02:05:26,-32.035,-52.0986,41.95,83,0,5.1
315,Champerico,GT,2022-08-06 02:09:57,14.3,-91.9167,80.85,77,83,7.47
316,Dingle,PH,2022-08-06 02:09:57,10.9995,122.6711,82.22,77,100,4.16
317,Port Elizabeth,ZA,2022-08-06 02:09:58,-33.918,25.5701,53.31,84,28,8.95
318,Itacoatiara,BR,2022-08-06 02:09:58,-3.1431,-58.4442,77.43,72,53,2.13
319,Pisco,PE,2022-08-06 02:09:59,-13.7,-76.2167,60.85,82,40,3.44
320,Scarborough,GB,2022-08-06 02:09:59,54.2797,-0.4044,50.79,86,20,1.99
321,Valle De Allende,MX,2022-08-06 02:09:59,26.9333,-105.4,80.53,35,99,5.39
322,Constitucion,CL,2022-08-06 02:06:43,-35.3333,-72.4167,53.02,96,100,1.63
323,Shimoda,JP,2022-08-06 02:11:00,34.6667,138.95,78.1,78,97,7.2
324,Padang,ID,2022-08-06 02:11:00,-0.9492,100.3543,82.45,66,21,0.87
325,Muros,ES,2022-08-06 02:11:01,42.7762,-9.0603,69.1,74,81,11.97
326,Aswan,EG,2022-08-06 02:11:01,24.0934,32.907,88.36,23,81,8.68
327,Cururupu,BR,2022-08-06 02:10:19,-1.8283,-44.8683,73.11,92,1,3.11
328,Worland,US,2022-08-06 02:10:52,44.0169,-107.9554,76.6,43,75,9.22
329,Cherskiy,RU,2022-08-06 02:11:02,68.75,161.3,57.29,44,100,10.85
330,Mont-Dore,NC,2022-08-06 02:11:02,-22.2833,166.5833,82.38,99,41,3.53
331,Sorong,ID,2022-08-06 02:11:02,-0.8833,131.25,79.09,86,100,7.52
332,Limbang,MY,2022-08-06 02:11:03,4.75,115.0,77.11,98,100,4.14
333,Pakdasht,IR,2022-08-06 02:11:03,35.4752,51.6807,82.4,22,1,7.25
334,Neepawa,CA,2022-08-06 02:11:03,50.2289,-99.4664,68.07,46,100,19.84
335,Husavik,IS,2022-08-06 02:09:43,66.0449,-17.3389,50.07,72,57,4.92
336,Tubuala,PA,2022-08-06 02:11:04,9.5167,-79.0333,78.89,86,100,5.79
337,Pucallpa,PE,2022-08-06 02:11:04,-8.3791,-74.5539,78.84,89,75,0.0
338,Morondava,MG,2022-08-06 02:11:04,-20.2833,44.2833,64.87,82,0,8.75
339,Yulara,AU,2022-08-06 02:11:05,-25.2406,130.9889,59.38,28,0,8.28
340,Strezhevoy,RU,2022-08-06 02:11:05,60.7333,77.5889,66.54,70,99,4.47
341,Gannan,CN,2022-08-06 02:11:06,47.9147,123.5031,79.5,49,71,13.38
342,Paamiut,GL,2022-08-06 02:11:06,61.994,-49.6678,44.24,97,100,5.46
343,Poum,NC,2022-08-06 02:11:06,-20.2333,164.0167,76.53,79,11,5.88
344,Pandan,PH,2022-08-06 02:11:07,14.0453,124.1694,80.04,85,100,7.7
345,Sandakan,MY,2022-08-06 02:11:07,5.8402,118.1179,80.73,85,90,4.59
346,Calbuco,CL,2022-08-06 02:06:33,-41.768,-73.1273,42.01,79,36,9.37
347,Muravlenko,RU,2022-08-06 02:11:07,63.7898,74.523,63.93,57,100,9.6
348,Labelle,US,2022-08-06 02:11:08,26.7617,-81.4384,80.62,66,88,10.47
349,Nuuk,GL,2022-08-06 02:11:08,64.1835,-51.7216,43.41,100,75,13.8
350,Lahan,NP,2022-08-06 02:11:08,26.7296,86.4951,85.23,74,100,2.57
351,Mitchell,US,2022-08-06 02:10:05,43.7094,-98.0298,89.58,43,0,14.97
352,Port-Cartier,CA,2022-08-06 02:11:09,50.0334,-66.8654,63.75,59,53,4.32
353,Warrington,GB,2022-08-06 02:11:09,53.3925,-2.5802,54.27,86,20,6.91
354,Beira,MZ,2022-08-06 02:11:10,-19.8436,34.8389,64.29,91,0,5.32
355,San Angelo,US,2022-08-06 02:11:10,31.4638,-100.437,96.55,22,0,8.05
356,Marawi,PH,2022-08-06 02:11:11,7.9986,124.2928,77.49,74,87,0.38
357,Comodoro Rivadavia,AR,2022-08-06 02:11:11,-45.8667,-67.5,40.86,75,75,11.5
358,Abha,SA,2022-08-06 02:11:11,18.2164,42.5053,62.85,88,20,0.0
359,Finschhafen,PG,2022-08-06 02:11:12,-6.6024,147.8681,85.32,66,100,8.88
360,Santa Maria,BR,2022-08-06 02:09:27,-29.6842,-53.8069,46.45,90,2,4.52
361,Florence,IT,2022-08-06 02:07:54,43.7667,11.25,76.53,81,0,4.61
362,Kutum,SD,2022-08-06 02:11:12,14.2,24.6667,77.36,62,97,4.97
363,Guerrero Negro,MX,2022-08-06 02:06:36,27.9769,-114.0611,72.59,81,2,17.78
364,Loreto,MX,2022-08-06 02:11:13,22.2667,-101.9667,69.46,40,1,21.09
365,Ambon,ID,2022-08-06 02:11:13,-3.6954,128.1814,77.14,94,40,4.61
366,Rodeo,US,2022-08-06 02:12:14,38.033,-122.2669,77.22,74,0,17.0
367,Mula,ES,2022-08-06 02:12:14,38.0409,-1.4901,75.04,76,0,0.87
368,Kabalo,CD,2022-08-06 02:12:14,-6.05,26.9167,74.01,44,8,1.54
369,Goderich,CA,2022-08-06 02:11:52,43.7501,-81.7165,73.9,87,0,6.71
370,Baruun-Urt,MN,2022-08-06 02:12:15,46.6806,113.2792,60.62,87,100,13.78
371,Dapaong,TG,2022-08-06 02:12:15,10.8639,0.205,72.54,85,100,4.63
372,Erzin,TR,2022-08-06 02:12:15,36.9559,36.2,74.53,89,5,1.32
373,Nyurba,RU,2022-08-06 02:12:16,63.2842,118.3319,50.59,92,100,11.12
374,Gemenele,RO,2022-08-06 02:12:16,45.2833,27.6167,71.55,62,39,5.88
375,Hamilton,US,2022-08-06 02:10:25,39.1834,-84.5333,77.09,89,0,6.91
376,San Juan,AR,2022-08-06 02:12:17,-31.5375,-68.5364,55.2,53,3,4.92
377,Ha Tinh,VN,2022-08-06 02:12:17,18.3333,105.9,85.28,68,100,3.33
378,Inuvik,CA,2022-08-06 02:12:17,68.3499,-133.7218,77.52,33,66,11.61
379,Usinsk,RU,2022-08-06 02:12:18,65.9939,57.5281,63.88,79,38,7.65
380,Buala,SB,2022-08-06 02:12:18,-8.145,159.5921,86.02,65,95,8.63
381,Te Anau,NZ,2022-08-06 02:12:18,-45.4167,167.7167,53.4,72,25,4.47
382,Ahuimanu,US,2022-08-06 02:12:19,21.4447,-157.8378,85.71,67,20,10.36
383,Sobolevo,RU,2022-08-06 02:12:19,54.4299,31.8996,62.33,89,2,6.46
384,Catamarca,AR,2022-08-06 02:12:19,-28.4696,-65.7852,62.78,50,0,3.0
385,Nacala,MZ,2022-08-06 02:12:20,-14.5428,40.6728,65.86,92,13,6.02
386,Oneida,US,2022-08-06 02:12:20,43.2001,-75.4663,75.74,88,0,3.44
387,Moerai,PF,2022-08-06 02:12:21,-22.4333,-151.3333,71.71,63,65,21.14
388,Tres Arroyos,AR,2022-08-06 02:12:21,-38.3739,-60.2798,40.91,61,100,1.61
389,Ostrovnoy,RU,2022-08-06 02:12:21,68.0531,39.5131,61.32,86,100,16.08
390,Kununurra,AU,2022-08-06 02:12:22,-15.7667,128.7333,84.18,24,99,11.5
391,Mayahi,NE,2022-08-06 02:12:22,13.9553,7.6712,80.51,63,84,13.24
392,Margate,GB,2022-08-06 02:12:22,51.3813,1.3862,60.87,80,100,3.13
393,Shache,CN,2022-08-06 02:12:23,38.4167,77.2406,66.0,86,100,2.59
394,Alghero,IT,2022-08-06 02:12:23,40.5589,8.3181,71.69,94,0,2.3
395,Saldanha,ZA,2022-08-06 02:12:23,-33.0117,17.9442,54.66,93,3,11.16
396,Flinders,AU,2022-08-06 02:12:24,-34.5833,150.8552,64.18,49,4,15.01
397,Hayden,US,2022-08-06 02:12:24,47.766,-116.7866,79.84,28,0,6.91
398,Arlit,NE,2022-08-06 02:12:24,18.7369,7.3853,88.52,39,5,4.36
399,Tezu,IN,2022-08-06 02:12:25,27.9167,96.1667,86.23,72,41,2.46
400,Tongzi,CN,2022-08-06 02:12:25,28.7829,105.0877,85.82,69,8,3.04
401,Nerchinskiy Zavod,RU,2022-08-06 02:12:15,51.3088,119.61,71.26,55,38,8.05
402,Huazhou,CN,2022-08-06 02:12:26,21.6333,110.5833,84.72,75,100,13.62
403,Paralimni,CY,2022-08-06 02:12:26,35.0375,33.9833,78.12,94,0,6.85
404,Vyartsilya,RU,2022-08-06 02:12:26,62.1764,30.693,62.62,100,30,5.73
405,Caibarien,CU,2022-08-06 02:12:27,22.5206,-79.4669,79.92,80,27,15.75
406,Noumea,NC,2022-08-06 02:12:27,-22.2763,166.4572,82.38,99,35,3.15
407,Northam,GB,2022-08-06 02:12:27,51.0333,-4.2167,55.62,80,100,6.31
408,Huarmey,PE,2022-08-06 02:12:28,-10.0681,-78.1522,62.91,84,74,11.41
409,Lumeje,AO,2022-08-06 02:11:15,-11.55,20.7833,60.49,40,41,4.59
410,Mezen,RU,2022-08-06 02:12:28,65.8522,44.24,63.63,83,19,7.11
411,Banda Aceh,ID,2022-08-06 02:13:29,5.5577,95.3222,83.52,65,97,11.43
412,Kavaratti,IN,2022-08-06 02:13:29,10.5669,72.642,80.22,85,100,23.33
413,Tugulym,RU,2022-08-06 02:13:29,57.0591,64.6425,68.32,72,8,3.02
414,Albanel,CA,2022-08-06 02:13:30,48.8832,-72.4487,57.11,65,49,4.14
415,Jacksonville,US,2022-08-06 02:10:30,30.3322,-81.6556,83.03,82,20,10.36
416,Tommot,RU,2022-08-06 02:12:13,58.9564,126.2925,52.99,97,100,3.87
417,Iqaluit,CA,2022-08-06 02:13:30,63.7506,-68.5145,43.7,87,100,1.23
418,Vardo,NO,2022-08-06 02:13:31,70.3705,31.1107,51.78,93,100,2.3
419,Plettenberg Bay,ZA,2022-08-06 02:13:31,-34.0527,23.3716,54.88,74,17,5.82
420,San Quintin,MX,2022-08-06 02:13:31,30.4833,-115.95,72.45,82,0,15.97
421,Tomatlan,MX,2022-08-06 02:13:32,19.9333,-105.25,78.73,92,100,0.76
422,Vostok,RU,2022-08-06 02:13:32,46.4856,135.8833,68.81,87,100,4.29
423,Weilmunster,DE,2022-08-06 02:13:32,50.4333,8.3667,61.29,71,74,2.73
424,Boa Vista,BR,2022-08-06 02:13:33,2.8197,-60.6733,80.58,74,0,3.44
425,Pitimbu,BR,2022-08-06 02:13:33,-7.4706,-34.8086,72.19,82,9,9.69
426,Lodja,CD,2022-08-06 02:13:33,-3.4833,23.4333,71.29,46,14,0.69
427,Mbengwi,CM,2022-08-06 02:13:34,6.0167,10.0,63.3,99,100,1.28
428,Fort-Shevchenko,KZ,2022-08-06 02:13:34,44.5086,50.263,84.42,34,100,15.9
429,Batemans Bay,AU,2022-08-06 02:13:34,-35.7167,150.1833,59.09,41,22,11.27
430,Nokaneng,BW,2022-08-06 02:13:35,-19.6667,22.2667,58.64,40,0,2.46
431,Rio Gallegos,AR,2022-08-06 02:13:35,-51.6226,-69.2181,30.25,100,40,3.44
432,Hasaki,JP,2022-08-06 02:13:35,35.7333,140.8333,79.29,71,100,6.44
433,Dzhebariki-Khaya,RU,2022-08-06 02:13:36,62.2167,135.8,77.88,40,100,13.31
434,Ostersund,SE,2022-08-06 02:13:36,63.1792,14.6357,50.61,93,20,5.75
435,Beloha,MG,2022-08-06 02:13:36,-25.1667,45.05,66.96,71,84,6.26
436,San Felipe,VE,2022-08-06 02:13:37,10.3399,-68.7425,71.98,99,66,2.39
437,Seoul,KR,2022-08-06 02:11:13,37.5683,126.9778,87.19,65,100,5.61
438,Smirnykh,RU,2022-08-06 02:13:37,49.75,142.8333,62.08,74,100,11.48
439,Kirakira,SB,2022-08-06 02:13:38,-10.4544,161.9205,85.32,69,93,13.38
440,Mankono,CI,2022-08-06 02:13:38,8.0586,-6.1897,72.95,78,100,4.25
441,Mahanoro,MG,2022-08-06 02:13:38,-19.9,48.8,62.33,89,2,5.41
442,Itarema,BR,2022-08-06 02:13:39,-2.9248,-39.9167,77.23,84,1,12.35
443,Palmer,US,2022-08-06 02:13:39,42.1584,-72.3287,80.15,79,40,4.61
444,Lahij,YE,2022-08-06 02:13:39,13.1667,44.5833,83.5,63,12,3.51
445,Batagay-Alyta,RU,2022-08-06 02:13:40,67.8006,130.4114,47.44,86,100,4.99
446,Huizhou,CN,2022-08-06 02:13:40,23.0833,114.4,85.5,72,30,4.07
447,Isangel,VU,2022-08-06 02:13:40,-19.55,169.2667,84.31,70,40,5.75
448,Domanivka,UA,2022-08-06 02:13:41,47.6319,30.9885,70.39,76,98,9.71
449,Naryan-Mar,RU,2022-08-06 02:13:41,67.6713,53.087,60.17,85,100,6.4
450,Shushenskoye,RU,2022-08-06 02:12:11,53.325,91.9356,62.62,51,76,1.48
451,Biankouma,CI,2022-08-06 02:13:42,7.7391,-7.6138,67.8,97,91,2.39
452,San Jeronimo,PE,2022-08-06 02:13:42,-11.9472,-75.2829,47.97,84,100,4.85
453,Virginia,US,2022-08-06 02:13:42,37.5481,-77.4467,72.28,96,100,5.75
454,Brae,GB,2022-08-06 02:13:43,60.3964,-1.353,50.85,79,11,11.61
455,Sakakah,SA,2022-08-06 02:13:43,29.9697,40.2064,95.38,26,20,9.86
456,Nioro,GM,2022-08-06 02:13:43,13.35,-15.75,74.62,96,100,5.28
457,Bocaiuva,BR,2022-08-06 02:13:44,-17.1078,-43.815,66.18,35,5,2.15
458,Lima,PE,2022-08-06 02:09:30,-12.0432,-77.0282,59.25,82,100,13.8
459,Aykhal,RU,2022-08-06 02:14:44,66.0,111.5,50.2,84,100,27.36
460,Asau,RO,2022-08-06 02:14:45,46.4333,26.4,59.92,82,4,3.91
461,Ajdabiya,LY,2022-08-06 02:14:45,30.7554,20.2263,76.75,69,0,8.25
462,Kamaishi,JP,2022-08-06 02:14:45,39.2667,141.8833,74.77,63,100,5.84
463,Manzhouli,CN,2022-08-06 02:14:46,49.6,117.4333,68.0,44,100,18.86
464,Guiratinga,BR,2022-08-06 02:14:46,-16.3494,-53.7583,72.66,32,7,4.45
465,Bonavista,CA,2022-08-06 02:14:30,48.6499,-53.1147,65.46,90,50,14.63
466,Negombo,LK,2022-08-06 02:10:24,7.2083,79.8358,78.67,83,90,14.32
467,Haines Junction,CA,2022-08-06 02:14:46,60.7522,-137.5108,66.15,45,100,9.22
468,Madang,PG,2022-08-06 02:14:47,-5.2246,145.7966,85.42,63,100,4.12
469,Ukiah,US,2022-08-06 02:13:31,39.1502,-123.2078,83.64,53,0,12.66
470,Lambarene,GA,2022-08-06 02:14:47,-0.7001,10.2406,70.99,82,100,4.81
471,Lompoc,US,2022-08-06 02:11:17,34.6391,-120.4579,73.54,84,100,13.8
472,Acapulco,MX,2022-08-06 02:10:59,16.8634,-99.8901,82.22,74,75,6.91
473,Pimentel,PE,2022-08-06 02:14:48,-6.8367,-79.9342,62.17,86,96,12.82
474,Gainesville,US,2022-08-06 02:13:37,29.6516,-82.3248,82.09,85,0,3.44
475,Leua,SK,2022-08-06 02:14:48,48.2156,18.6071,74.5,50,66,3.4
476,Maryville,US,2022-08-06 02:14:49,35.7565,-83.9705,74.01,96,75,4.61
477,Smithers,CA,2022-08-06 02:10:12,54.7804,-127.1743,72.0,45,100,4.83
478,Phalombe,MW,2022-08-06 02:14:49,-15.8064,35.6507,57.65,83,0,1.81
479,Harper,LR,2022-08-06 02:14:49,4.375,-7.7169,73.29,76,52,6.53
480,Banjar,ID,2022-08-06 02:14:50,-8.19,114.9675,85.95,49,26,1.74
481,Petropavlovsk-Kamchatskiy,RU,2022-08-06 02:14:50,53.0452,158.6483,66.79,73,20,17.9
482,Kharian,PK,2022-08-06 02:14:50,32.8149,73.8636,82.08,80,69,6.33
483,Pemba,MZ,2022-08-06 02:14:51,-12.974,40.5178,68.7,100,40,8.05
484,Irbit,RU,2022-08-06 02:14:51,57.6705,63.071,64.15,71,10,3.4
485,Dumai,ID,2022-08-06 02:14:51,1.6833,101.45,76.01,88,99,2.73
486,Darhan,MN,2022-08-06 02:14:52,49.4867,105.9228,56.17,80,100,5.48
487,Yinchuan,CN,2022-08-06 02:11:06,38.4681,106.2731,90.79,40,1,8.7
488,Halifax,CA,2022-08-06 02:14:16,44.6453,-63.5724,70.68,96,100,3.53
489,Vila Do Maio,CV,2022-08-06 02:14:52,15.1333,-23.2167,79.59,81,100,7.7
490,Melville,US,2022-08-06 02:14:53,40.7934,-73.4151,81.88,75,0,5.75
491,Daru,PG,2022-08-06 02:10:08,-9.0763,143.2092,80.22,87,99,14.14
492,Teguise,ES,2022-08-06 02:14:53,29.0605,-13.564,68.22,83,0,23.02
493,Verkhoyansk,RU,2022-08-06 02:14:53,67.5447,133.385,50.85,89,100,5.14
494,Caucaia,BR,2022-08-06 02:14:54,-3.7361,-38.6531,80.55,77,75,8.05
495,Bilma,NE,2022-08-06 02:14:54,18.6853,12.9164,90.21,33,82,12.75
496,Sorland,NO,2022-08-06 02:14:54,67.667,12.6934,51.66,89,100,30.53
497,Saint-Georges,GD,2022-08-06 02:14:55,12.0564,-61.7485,79.43,85,68,15.39
498,La Union,PE,2022-08-06 02:14:55,-5.4,-80.75,65.19,73,100,14.97
499,Fjerritslev,DK,2022-08-06 02:14:55,57.0813,9.2664,55.26,69,1,25.28
500,Arroyo,ES,2022-08-06 02:14:56,41.6096,-4.7969,64.15,77,0,13.8
501,Foki,RU,2022-08-06 02:14:56,56.693,54.3499,65.89,70,100,2.06
502,Dwarka,IN,2022-08-06 02:14:57,22.2394,68.9678,80.87,83,100,8.16
503,Ojinaga,MX,2022-08-06 02:14:57,29.5667,-104.4167,96.42,26,0,19.57
504,Illapel,CL,2022-08-06 02:14:57,-31.6308,-71.1653,50.74,83,8,1.1
505,Babushkin,RU,2022-08-06 02:14:58,51.7122,105.8647,50.4,93,100,6.2
506,Galle,LK,2022-08-06 02:14:58,6.0367,80.217,78.28,85,100,12.28
507,Cuamba,MZ,2022-08-06 02:14:58,-14.8031,36.5372,61.0,65,0,0.74
508,Meulaboh,ID,2022-08-06 02:14:59,4.1363,96.1285,77.63,81,99,3.09
509,Vokhma,RU,2022-08-06 02:15:59,58.9303,46.7586,66.72,71,100,2.42
510,Pionerskiy,RU,2022-08-06 02:15:59,54.9508,20.2275,66.04,84,100,16.6
511,Bolobo,CD,2022-08-06 02:16:00,-2.1667,16.2333,75.22,66,48,4.45
512,Trat,TH,2022-08-06 02:16:00,12.5,102.5,84.4,96,100,2.8
513,Luganville,VU,2022-08-06 02:16:00,-15.5333,167.1667,82.81,72,51,11.81
514,Camacha,PT,2022-08-06 02:16:01,33.0833,-16.3333,67.42,83,75,6.91
515,Ashcroft,CA,2022-08-06 02:15:17,50.7165,-121.2859,69.04,46,98,5.14
516,Yumen,CN,2022-08-06 02:16:01,40.2833,97.2,80.92,26,99,17.56
517,Ibra,OM,2022-08-06 02:16:02,22.6906,58.5334,84.22,56,91,1.63
518,Tateyama,JP,2022-08-06 02:16:02,34.9833,139.8667,77.11,71,100,2.17
519,Matamoros,MX,2022-08-06 02:16:03,25.5333,-103.25,89.71,29,75,10.36
520,Mabaruma,GY,2022-08-06 02:16:03,8.2,-59.7833,74.71,95,79,3.02
521,Manacapuru,BR,2022-08-06 02:16:03,-3.2997,-60.6206,78.67,68,64,2.59
522,Turiacu,BR,2022-08-06 02:16:04,-1.6633,-45.3717,73.18,93,1,4.65
523,Kundgol,IN,2022-08-06 02:16:04,15.25,75.25,70.0,95,100,21.83
524,Kalga,RU,2022-08-06 02:16:05,50.9251,118.898,72.52,47,17,9.01
525,Prince Rupert,CA,2022-08-06 02:16:05,54.3161,-130.3201,60.49,82,40,14.97
526,Chake Chake,TZ,2022-08-06 02:16:05,-5.2459,39.7666,69.57,78,0,7.14
527,Gua Musang,MY,2022-08-06 02:16:06,4.8823,101.9644,75.13,90,100,1.63
528,Druzhba,UA,2022-08-06 02:16:06,52.0428,33.9453,61.54,88,11,5.95
529,Severo-Yeniseyskiy,RU,2022-08-06 02:16:07,60.3725,93.0408,51.55,67,100,4.25
530,Sampit,ID,2022-08-06 02:16:07,-2.5333,112.95,81.14,80,88,2.62
531,Krutinka,RU,2022-08-06 02:16:08,56.0055,71.5113,61.83,76,26,5.84
532,Ouidah,BJ,2022-08-06 02:16:08,6.3631,2.0851,73.26,87,22,9.17
533,Umtata,ZA,2022-08-06 02:16:09,-31.5889,28.7844,54.97,83,58,1.16
534,Sovetskiy,RU,2022-08-06 02:16:09,61.3614,63.5842,67.28,60,100,5.95
535,Bratsk,RU,2022-08-06 02:16:10,56.1325,101.6142,52.29,94,100,11.39
536,Kerch,UA,2022-08-06 02:16:10,45.3583,36.4758,76.3,75,0,8.14
537,Bend,US,2022-08-06 02:15:03,44.0582,-121.3153,82.26,25,0,10.36
538,Iwanai,JP,2022-08-06 02:16:11,42.9744,140.5089,72.32,69,100,6.53
539,Cortes,ES,2022-08-06 02:16:11,41.9395,-1.4396,69.85,78,35,12.17
540,Juneau,US,2022-08-06 02:14:00,58.3019,-134.4197,56.21,98,100,19.57
541,Rincon,US,2022-08-06 02:16:12,32.296,-81.2354,80.85,86,75,6.91
542,Tilichiki,RU,2022-08-06 02:16:12,60.4667,166.1,58.21,79,93,1.25
543,Great Yarmouth,GB,2022-08-06 02:16:12,52.6083,1.7305,54.41,69,6,8.7
544,Sainte-Marie,RE,2022-08-06 02:16:13,-20.8968,55.5496,66.33,72,75,11.5
545,Khasan,RU,2022-08-06 02:14:34,42.4308,130.6434,80.8,71,33,3.27
546,Kushima,JP,2022-08-06 02:16:14,31.4583,131.2333,90.55,59,9,6.2
547,Nevers,FR,2022-08-06 02:16:14,46.9167,3.3333,59.02,69,0,6.87
548,Yar-Sale,RU,2022-08-06 02:16:15,66.8333,70.8333,63.23,74,82,10.11
549,Fukue,JP,2022-08-06 02:16:15,32.6881,128.8419,86.36,79,75,8.05
550,Nishihara,JP,2022-08-06 02:16:15,26.1842,127.7558,88.88,77,75,8.05
551,Vimperk,CZ,2022-08-06 02:16:16,49.0586,13.7829,66.22,99,100,3.58
552,Blaubeuren,DE,2022-08-06 02:16:16,48.4122,9.7843,63.48,100,100,6.04
553,Bereda,ES,2022-08-06 02:16:17,43.2686,-7.5406,61.57,100,100,8.39
554,Shelburne,CA,2022-08-06 02:16:17,44.0787,-80.2041,68.13,89,1,2.98
555,Satipo,PE,2022-08-06 02:16:18,-11.2522,-74.6386,67.98,97,85,2.62
556,Taksimo,RU,2022-08-06 02:17:18,56.3444,114.8794,65.95,44,13,1.28
557,Nukus,UZ,2022-08-06 02:17:19,42.4531,59.6103,73.67,56,0,8.52
558,Patea,NZ,2022-08-06 02:17:19,-39.7583,174.4833,62.71,78,100,15.12
559,Raduzhnyy,RU,2022-08-06 02:17:20,62.0961,77.475,65.35,62,100,4.12
560,Kangema,KE,2022-08-06 02:17:20,-0.6833,36.9667,54.77,84,93,2.01
561,Piacabucu,BR,2022-08-06 02:17:20,-10.4056,-36.4344,71.82,87,74,4.81
562,Kumano,JP,2022-08-06 02:17:21,34.3442,132.5894,85.12,73,28,7.52
563,Makakilo City,US,2022-08-06 02:17:21,21.3469,-158.0858,84.52,63,0,10.36
564,Deputatskiy,RU,2022-08-06 02:17:21,69.3,139.9,53.24,62,100,5.75
565,Tanete,ID,2022-08-06 02:17:22,-3.9443,119.7848,84.76,58,14,5.06
566,Mirabad,AF,2022-08-06 02:17:22,30.4362,61.8383,83.8,20,0,20.11
567,Labuan,MY,2022-08-06 02:17:22,5.2767,115.2417,79.16,83,20,6.91
568,Caravelas,BR,2022-08-06 02:17:23,-17.7125,-39.2481,73.24,78,0,9.8
